<?xml version="1.0" encoding="UTF-8"?>
<project-private xmlns="http://www.netbeans.org/ns/project-private/1">
    <editor-bookmarks xmlns="http://www.netbeans.org/ns/editor-bookmarks/2" lastBookmarkId="0"/>
    <open-files xmlns="http://www.netbeans.org/ns/projectui-open-files/2">
        <group>
            <file>file:/C:/Users/a/Documents/OopBusManagementSystem/src/oopbusmanagementsystem/RouteFareCalculator.java</file>
            <file>file:/C:/Users/a/Documents/OopBusManagementSystem/src/oopbusmanagementsystem/Biller.java</file>
            <file>file:/C:/Users/a/Documents/OopBusManagementSystem/src/oopbusmanagementsystem/Economy.java</file>
            <file>file:/C:/Users/a/Documents/OopBusManagementSystem/src/oopbusmanagementsystem/Filer.java</file>
            <file>file:/C:/Users/a/Documents/OopBusManagementSystem/src/oopbusmanagementsystem/Route.java</file>
            <file>file:/C:/Users/a/Documents/OopBusManagementSystem/src/oopbusmanagementsystem/Seats.java</file>
            <file>file:/C:/Users/a/Documents/OopBusManagementSystem/src/oopbusmanagementsystem/Business.java</file>
            <file>file:/C:/Users/a/Documents/OopBusManagementSystem/src/oopbusmanagementsystem/CompanyInventory.java</file>
            <file>file:/C:/Users/a/Documents/OopBusManagementSystem/src/oopbusmanagementsystem/Bus.java</file>
            <file>file:/C:/Users/a/Documents/OopBusManagementSystem/src/oopbusmanagementsystem/RouteFares.java</file>
        </group>
    </open-files>
</project-private>
